distanceScore,timeFeasibility,preferenceMatch,graphStrength,activityRelevance,hotelSuitability,foodCompatibility,packageBalance,qualityScore
0.998,0.987,0.83,0.733,0.782,0.534,0.892,0.891,84.37
0.85,0.922,0.802,0.609,0.659,0.58,0.742,0.997,78.8
0.185,0.888,0.829,0.783,0.61,0.915,0.874,0.758,71.84
0.109,0.808,0.734,0.537,0.905,0.871,0.855,0.784,67.36
0.821,0.663,0.879,0.748,0.847,0.822,0.837,0.334,75.94
0.601,0.959,0.628,0.8,0.604,0.955,0.726,0.728,73.62
0.961,0.642,0.671,0.693,0.555,0.691,0.701,0.484,68.54
0.172,0.448,0.828,0.92,0.721,0.741,0.94,0.364,62.15
0.481,0.904,0.838,0.882,0.568,0.907,0.845,0.729,76.82
0.68,0.259,0.751,0.577,0.571,0.787,0.707,0.451,60.25
0.283,0.629,0.743,0.622,0.652,0.961,0.935,0.37,62.98
0.341,0.565,0.614,0.885,0.83,0.967,0.77,0.318,62.78
0.815,0.627,0.991,0.813,0.873,0.612,0.766,0.407,77.3
0.174,0.432,0.613,0.765,0.512,0.61,0.792,0.525,52.48
0.245,0.855,0.773,0.733,0.509,0.947,0.863,0.7,69.04
0.482,0.758,0.741,0.775,0.803,0.925,0.711,0.985,75.54
0.478,0.696,0.957,0.629,0.95,0.975,0.987,0.9,81.01
0.816,0.213,0.799,0.781,0.719,0.765,0.931,0.494,67.66
0.353,0.659,0.786,0.989,0.836,0.875,0.853,0.785,73.96
0.356,0.204,0.91,0.636,0.582,0.693,0.766,0.509,59.19
0.958,0.778,0.63,0.965,0.964,0.922,0.906,0.688,81.72
0.859,0.572,0.997,0.557,0.583,0.733,0.866,0.527,74.72
0.971,0.913,0.786,0.865,0.675,0.632,0.774,0.928,82.76
0.586,0.554,0.716,0.549,0.799,0.846,0.841,0.981,70.96
0.755,0.994,0.702,0.617,0.933,0.642,0.911,0.945,79.73
0.172,0.972,0.833,0.883,0.866,0.688,0.993,0.979,77.1
0.522,0.554,0.644,0.966,0.505,0.93,0.787,0.794,68.13
0.379,0.704,0.847,0.553,0.818,0.831,0.926,0.34,67.47
0.652,0.266,0.742,0.884,0.849,0.76,0.889,0.535,67.03
0.115,0.891,0.876,0.699,0.997,0.566,0.92,0.855,72.78
0.143,0.631,0.926,0.562,0.674,0.982,0.965,0.663,68.39
0.507,0.847,0.957,0.521,0.782,0.546,0.704,0.732,73.58
0.408,0.842,0.962,0.864,0.991,0.931,0.791,0.85,83.13
0.711,0.917,0.644,0.931,0.81,0.91,0.731,0.442,75.11
0.733,0.964,0.994,0.698,0.726,0.725,0.739,0.976,85.23
0.537,0.974,0.661,0.758,0.605,0.595,0.744,0.88,71.29
0.993,0.219,0.623,0.901,0.956,0.529,0.954,0.448,66.86
0.509,0.724,0.871,0.713,0.958,0.879,0.963,0.902,79.59
0.296,0.544,0.692,0.585,0.56,0.981,0.881,0.464,60.18
0.196,0.442,0.643,0.626,0.547,0.786,0.846,0.608,55.53
0.193,0.628,0.783,0.828,0.539,0.771,0.762,0.712,64.18
0.266,0.341,0.638,0.573,0.977,0.751,0.843,0.456,56.84
0.685,0.728,0.655,0.778,0.679,0.785,0.816,0.7,71.09
0.976,0.232,0.705,0.963,0.894,0.987,0.705,0.319,70.91
0.143,0.269,0.747,0.898,0.582,0.888,0.87,0.422,57.1
0.907,0.37,0.729,0.574,0.934,0.983,0.735,0.367,69.63
0.618,0.963,0.985,0.641,0.698,0.884,0.732,0.688,81.11
0.977,0.875,0.994,0.716,0.659,0.975,0.964,0.76,88.57
0.903,0.656,0.618,0.993,0.965,0.792,0.73,0.515,75.13
0.364,0.821,0.74,0.672,0.781,0.689,0.808,0.745,69.17
0.302,0.911,0.936,0.504,0.712,0.951,0.713,0.976,76.59
0.486,0.834,0.625,0.897,0.568,0.755,0.903,0.995,72.09
0.849,0.866,0.713,0.822,0.763,0.737,0.934,0.89,80.33
0.132,0.576,0.813,0.635,0.765,0.595,0.865,0.958,64.79
0.224,0.358,0.973,0.785,0.52,0.942,0.821,0.401,63.64
0.236,0.841,0.883,0.941,0.656,0.718,0.875,0.955,75.32
0.524,0.212,0.835,0.79,0.784,0.604,0.702,0.414,61.35
0.984,0.806,0.734,0.589,0.658,0.609,0.888,0.858,76.8
0.809,0.775,0.899,0.578,0.598,0.793,0.859,0.665,76.88
0.224,0.612,0.739,0.758,0.564,0.796,0.89,0.737,64.03
0.255,0.635,0.606,0.95,0.693,0.925,0.869,0.91,67.62
0.816,0.714,0.634,0.534,0.895,0.788,0.709,0.596,70.47
0.898,0.778,0.906,0.616,0.761,0.862,0.842,0.576,80.17
0.334,0.926,0.799,0.993,0.719,0.992,0.853,0.517,75.36
0.455,0.416,0.756,0.549,0.729,0.774,0.941,0.413,61.33
0.3,1.0,0.732,0.816,0.727,0.86,0.959,0.999,76.61
0.267,0.61,0.759,0.731,0.65,0.761,0.89,0.914,67.15
0.141,0.5,0.869,0.772,0.779,0.539,0.877,0.352,60.16
0.431,0.547,0.672,0.716,0.754,0.973,0.716,0.941,68.89
0.273,0.859,0.843,0.648,0.894,0.781,0.733,0.822,73.18
0.964,0.848,0.647,0.913,0.987,0.709,0.958,0.734,81.58
0.633,0.779,0.798,0.613,0.608,0.534,0.948,0.489,68.32
0.437,0.503,0.782,0.693,0.821,0.861,0.839,0.456,66.16
0.516,0.929,0.703,0.788,0.566,0.796,0.936,0.927,74.71
0.836,0.741,0.906,0.922,0.842,0.899,1.0,0.709,85.02
0.416,0.516,0.752,0.623,0.69,0.731,0.847,0.924,66.69
0.196,0.616,0.906,0.829,0.611,0.934,0.895,0.73,70.34
0.873,0.523,0.938,0.52,0.898,0.644,0.77,0.904,77.9
0.595,0.935,0.971,0.54,0.587,0.51,0.908,0.743,75.58
0.446,0.904,0.993,0.647,0.825,0.851,0.991,0.811,81.36
0.312,0.52,0.973,0.673,0.92,0.762,0.712,0.701,70.94
0.292,0.773,0.935,0.845,0.89,0.671,0.924,0.539,73.44
0.368,0.774,0.729,0.79,0.712,0.846,0.784,0.902,71.78
0.995,0.632,0.91,0.779,0.617,0.52,0.751,0.482,74.86
0.218,0.432,0.903,0.952,0.517,0.581,0.93,0.603,63.5
0.91,0.456,0.624,0.568,0.858,0.827,0.707,0.492,67.1
0.348,0.664,0.687,0.884,0.573,0.905,0.979,0.583,66.71
0.241,0.327,0.948,0.53,0.728,0.859,0.945,0.438,62.48
0.415,0.929,0.973,0.514,0.886,0.999,0.783,0.876,81.13
0.531,0.898,0.889,0.525,0.9,0.733,0.734,0.91,78.03
0.284,0.3,0.617,0.754,0.737,0.545,0.867,0.558,54.46
0.6,0.948,0.601,0.856,0.597,0.945,0.973,0.807,75.16
0.683,0.862,0.685,0.643,0.596,0.943,0.898,0.965,76.28
0.337,0.676,0.807,0.656,0.721,0.972,0.71,0.823,70.63
0.515,0.947,0.984,0.605,0.813,0.695,0.801,0.938,81.05
0.528,0.656,0.82,0.916,0.691,0.831,0.753,0.644,72.85
0.134,0.74,0.688,0.712,0.989,0.95,0.744,0.812,68.65
0.755,0.605,0.875,0.784,0.513,0.796,0.719,0.867,75.49
0.176,0.549,0.754,0.731,0.78,0.931,0.775,0.913,67.16
0.875,0.593,0.815,0.615,0.546,0.62,0.826,0.797,72.3
0.466,0.971,0.809,0.826,0.91,0.824,0.881,0.86,80.39
0.651,0.302,0.847,0.724,0.503,0.75,0.75,0.598,64.97
0.783,0.946,0.743,0.693,0.54,0.786,0.884,0.793,77.04
0.501,0.524,0.824,0.642,0.581,0.911,0.731,0.899,69.95
0.597,0.321,0.715,0.612,0.839,0.627,0.928,0.612,63.18
0.433,0.75,0.744,0.853,0.635,0.832,0.883,0.648,70.46
0.191,0.629,0.948,0.555,0.91,0.771,0.951,0.793,71.06
0.289,0.311,0.735,0.864,0.935,0.785,0.868,0.621,63.76
0.858,0.551,0.817,0.595,0.706,0.586,0.736,0.793,72.04
0.116,0.527,0.806,0.984,0.958,0.856,0.873,0.787,70.01
0.973,0.619,0.885,0.607,0.84,0.605,0.864,0.475,75.6
0.113,0.726,0.972,0.747,0.941,0.897,0.701,0.886,75.11
0.465,0.781,0.927,0.953,0.994,0.598,0.974,0.881,80.99
0.745,0.318,0.753,0.534,0.866,0.626,0.792,0.547,64.45
0.134,0.34,0.705,0.577,0.617,0.974,0.817,0.327,53.79
0.465,0.875,0.772,0.807,0.844,0.726,0.794,0.711,74.23
0.871,0.961,0.621,0.744,0.959,0.707,0.758,0.78,78.69
0.697,0.744,0.975,0.728,0.703,0.899,0.842,0.671,80.21
0.255,0.622,0.751,0.524,0.91,0.664,0.749,0.974,66.39
0.864,0.905,0.652,0.942,0.742,0.797,0.992,0.368,76.28
0.428,0.807,0.725,0.773,0.708,0.515,0.909,0.86,69.75
0.351,0.808,0.926,0.602,0.515,0.863,0.871,0.878,73.46
0.359,0.468,0.919,0.759,0.739,0.58,0.836,0.501,65.34
0.167,0.688,0.836,0.954,0.505,0.883,0.728,0.369,64.48
0.323,0.591,0.929,0.525,0.531,0.751,0.74,0.42,62.9
0.692,0.275,0.638,0.813,0.991,0.975,0.983,0.649,69.65
0.947,0.553,0.768,0.837,0.695,0.525,0.984,0.451,71.71
0.873,0.857,0.602,0.943,0.564,0.603,0.826,0.948,75.69
0.408,0.561,0.836,0.783,0.885,0.567,0.911,0.906,71.39
0.303,0.504,0.762,0.856,0.57,0.909,0.913,0.543,64.5
0.963,0.912,0.951,0.854,0.717,0.942,0.891,0.992,91.41
0.265,0.938,0.87,0.563,0.831,0.888,0.88,0.902,76.05
0.944,0.576,0.87,0.698,0.839,0.749,0.996,0.981,82.18
0.941,0.911,0.622,0.781,0.852,0.831,0.708,0.732,78.86
0.113,0.281,0.731,0.844,0.666,0.873,0.899,0.536,57.86
0.354,0.643,0.657,0.512,0.903,0.987,0.867,0.7,66.73
0.145,0.816,0.626,0.845,0.574,0.713,0.897,0.899,64.86
0.183,0.83,0.611,0.586,0.862,0.579,0.906,0.949,64.76
0.112,0.739,0.974,0.86,0.736,0.648,0.826,0.807,71.75
0.98,0.757,0.833,0.917,0.94,0.775,0.877,0.645,84.05
0.9,0.309,0.809,0.85,0.814,0.659,0.981,0.369,70.18
0.763,0.845,0.959,0.51,0.685,0.714,0.74,0.835,79.23
0.412,0.419,0.627,0.578,0.941,0.567,0.949,0.455,58.31
0.801,0.744,0.946,0.757,0.637,0.551,0.91,0.326,74.08
0.731,0.396,0.849,0.962,0.836,0.514,0.831,0.6,71.42
0.672,0.972,0.932,0.511,0.955,0.733,0.962,0.999,84.75
0.866,0.894,0.8,0.64,0.765,0.916,0.954,0.851,82.9
0.647,0.984,0.69,0.698,0.556,0.906,0.957,0.883,76.93
0.843,0.771,0.896,0.826,0.735,0.567,0.727,0.378,75.29
0.618,0.84,0.806,0.54,0.957,0.594,0.802,0.748,74.44
0.136,0.986,0.848,0.663,0.994,0.621,0.723,0.96,74.02
0.181,0.852,0.71,0.807,0.652,0.613,0.889,0.926,67.68
0.454,0.85,0.821,0.566,0.622,0.825,0.77,0.968,73.74
0.107,0.834,0.631,0.511,0.802,0.848,0.868,0.853,64.37
0.259,0.82,0.896,0.649,0.769,0.937,0.759,0.885,74.79
0.854,0.693,0.607,0.694,0.844,0.654,0.841,0.417,68.66
0.859,0.975,0.7,0.968,0.562,0.919,0.814,0.749,81.07
0.937,0.835,0.63,0.82,0.967,0.552,0.733,0.834,77.74
0.18,0.885,0.752,0.983,0.699,0.703,0.925,0.902,72.28
0.431,0.308,0.947,0.753,0.623,0.566,0.95,0.856,67.48
0.902,0.292,0.662,0.929,0.592,0.87,0.898,0.472,67.57
0.456,0.574,0.624,0.822,0.558,0.561,0.887,0.35,58.4
0.947,0.872,0.75,0.99,0.742,0.529,0.978,0.762,81.13
0.364,1.0,0.836,0.867,0.78,0.787,0.789,0.976,79.4
0.337,0.749,0.953,0.708,0.841,0.521,0.787,0.977,74.53
0.173,0.886,0.756,0.502,0.687,0.636,0.89,0.975,67.23
0.379,0.911,0.624,0.682,0.853,0.847,0.992,0.805,71.77
0.514,0.931,0.861,0.766,0.723,0.69,0.937,0.928,78.95
0.166,0.781,0.911,0.753,0.805,0.735,0.927,0.924,73.79
0.462,0.877,0.616,0.711,0.629,0.536,0.799,0.914,67.38
0.68,0.808,0.895,0.925,0.958,0.565,0.934,0.939,83.23
0.676,0.448,0.696,0.587,0.815,0.891,0.764,0.334,64.34
0.41,0.436,0.943,0.539,0.845,0.666,0.876,0.495,66.1
0.543,0.395,0.835,0.582,0.558,0.805,0.824,0.401,62.54
0.478,0.355,0.809,0.716,0.838,0.878,0.967,0.603,67.91
0.176,0.355,0.671,0.759,0.686,0.983,0.769,0.49,57.77
0.468,0.995,0.658,0.649,0.713,0.819,0.734,0.793,71.79
0.151,0.865,0.777,0.704,0.979,0.859,0.907,0.938,74.0
0.944,0.759,0.853,0.751,0.516,0.795,0.896,0.954,81.52
0.745,0.739,0.667,0.817,0.939,0.61,0.913,0.469,71.84
0.186,0.876,0.845,0.716,0.996,0.779,0.867,0.947,75.79
0.351,0.214,0.892,0.664,0.818,0.62,0.776,0.504,60.71
0.379,0.801,0.899,0.73,0.812,0.682,0.873,0.915,75.92
0.334,0.746,0.642,0.939,0.742,0.739,0.713,0.51,65.1
0.314,0.593,0.83,0.509,0.687,0.606,0.826,0.403,60.54
0.107,0.75,0.806,0.813,0.93,0.52,0.725,0.772,66.99
0.959,0.681,0.955,0.764,0.91,0.661,0.841,0.563,81.66
0.805,0.669,0.698,0.798,0.63,0.894,0.823,0.632,73.23
0.935,0.287,0.643,0.957,0.918,0.861,0.742,0.382,69.3
0.303,0.865,0.621,0.792,0.641,0.944,0.772,0.867,69.36
0.413,0.849,0.984,0.552,0.977,0.721,0.813,0.81,78.2
0.318,0.717,0.601,0.949,0.654,0.695,0.941,0.86,66.86
0.821,0.303,0.696,0.925,0.504,0.701,0.843,0.537,65.14
0.448,1.0,0.999,0.993,0.72,0.925,0.937,0.844,86.19
0.256,0.277,0.982,0.714,0.895,0.766,0.769,0.455,64.71
0.476,0.51,0.691,0.72,0.617,0.564,0.946,0.788,63.69
0.148,0.248,0.905,0.698,0.775,0.863,0.893,0.391,60.31
0.379,0.375,0.9,0.985,0.718,0.627,0.952,0.548,67.33
0.391,0.825,0.926,0.896,0.967,0.952,0.955,0.817,82.49
0.247,0.783,0.923,0.528,0.67,0.999,0.777,0.688,71.27
0.594,0.684,0.762,0.574,0.555,0.587,0.906,0.747,67.37
0.161,0.727,0.637,0.684,0.815,0.966,0.896,0.67,65.08
0.547,0.364,0.968,0.99,0.999,0.848,0.737,0.577,75.68
0.236,0.806,0.9,0.86,0.842,0.839,0.762,0.992,77.27
0.787,0.892,0.676,0.758,0.741,0.975,0.866,0.803,79.2
0.992,0.873,0.772,0.559,0.584,0.612,0.803,0.724,76.1
0.638,0.81,0.907,0.63,0.795,0.931,0.952,0.936,82.09
0.534,0.843,0.772,0.697,0.914,0.534,0.758,0.967,74.85
0.402,0.949,0.794,0.579,0.938,0.801,0.895,0.918,76.93
0.248,0.83,0.929,0.686,0.679,0.977,0.82,0.858,75.48
0.255,0.881,0.638,0.685,0.512,0.786,0.897,0.799,65.29
0.896,0.929,1.0,0.685,0.893,0.817,1.0,0.979,91.12
0.503,0.609,0.938,0.955,0.808,0.738,0.962,0.551,75.45
0.607,0.372,0.98,0.58,0.964,0.814,0.983,0.7,74.68
0.275,0.955,0.903,0.799,0.99,0.694,0.93,0.763,78.14
0.763,0.605,0.791,0.798,0.847,0.564,0.897,0.959,76.46
0.114,0.417,0.688,0.578,0.531,0.623,0.791,0.503,51.46
0.253,0.874,0.755,0.947,0.686,0.971,0.889,0.777,74.03
0.863,0.6,0.635,0.579,0.885,0.815,0.983,0.683,72.37
0.428,0.608,0.783,0.91,0.849,0.754,0.774,0.31,67.21
0.209,0.705,0.914,0.602,0.804,0.984,0.766,0.388,68.16
0.273,0.722,0.904,0.661,0.691,0.988,0.885,0.643,71.79
0.169,0.823,0.717,0.638,0.695,0.725,0.838,0.744,65.02
0.501,0.574,0.756,0.697,0.801,0.812,0.934,0.522,68.01
0.581,0.934,0.657,0.913,0.786,0.617,0.85,0.918,75.74
0.163,0.709,0.61,0.913,0.551,0.712,0.786,0.479,58.8
0.517,0.783,0.766,0.766,0.687,0.657,0.847,0.34,67.4
0.975,0.436,0.793,0.684,0.781,0.849,0.98,0.576,74.78
0.846,0.811,0.765,0.503,0.622,0.501,0.928,0.804,72.92
0.473,0.741,0.702,0.632,0.943,0.522,0.995,0.377,65.47
0.405,0.345,0.921,0.72,0.506,0.703,0.776,0.691,64.36
0.738,0.71,0.642,0.842,0.583,0.992,0.819,0.721,73.26
0.881,0.701,0.659,0.759,0.916,0.639,0.79,0.448,71.76
0.587,0.619,0.744,0.531,0.843,0.887,0.991,0.324,67.49
0.197,0.843,0.869,0.582,0.776,0.978,0.946,0.769,73.1
0.305,0.677,0.945,0.696,0.959,0.717,0.791,0.495,70.99
0.485,0.717,0.695,0.723,0.73,0.539,0.841,0.634,65.89
0.247,0.672,0.695,0.617,0.985,0.844,0.884,0.495,65.0
0.426,0.621,0.616,0.988,0.614,0.501,0.983,0.853,65.57
0.914,0.892,0.679,0.908,0.815,0.96,0.861,0.356,78.76
0.102,0.706,0.932,0.765,0.99,0.828,0.981,0.518,71.33
0.628,0.602,0.659,0.765,0.896,0.757,0.852,0.919,72.56
0.517,0.446,0.635,0.946,0.769,0.56,0.949,0.344,61.26
0.672,0.542,0.619,0.521,0.723,0.736,0.954,0.752,65.77
0.485,0.538,0.997,0.827,0.822,0.63,0.722,0.83,74.96
0.624,0.469,0.745,0.968,0.519,0.793,0.88,0.405,66.29
0.122,0.867,0.984,0.669,0.967,0.869,0.855,0.832,77.08
0.967,0.693,0.826,0.782,0.738,0.701,0.874,0.955,81.67
0.952,0.402,0.733,0.959,0.775,0.692,0.951,0.46,72.25
0.887,0.929,0.985,0.744,0.613,0.796,0.843,0.947,87.09
0.419,0.7,0.701,0.953,0.744,0.81,0.746,0.711,70.21
0.931,0.35,0.976,0.534,0.956,0.951,0.812,0.596,78.04
0.678,0.543,0.756,0.511,0.622,0.986,0.88,0.326,66.06
0.918,0.543,0.689,0.888,0.978,0.718,0.936,0.558,75.24
0.439,0.299,0.877,0.941,0.718,0.553,0.752,0.62,65.06
0.393,0.985,0.864,0.616,0.515,0.511,0.725,0.798,70.3
0.879,0.826,0.862,0.558,0.813,0.969,0.945,0.769,82.94
0.859,0.918,0.662,0.608,0.932,0.808,0.934,0.798,79.33
0.764,0.953,0.652,0.855,0.93,0.794,0.804,0.93,81.16
0.195,0.837,0.951,0.841,0.631,0.693,0.946,0.825,73.88
0.564,0.897,0.627,0.608,0.935,0.707,0.763,0.86,72.51
0.126,0.929,0.605,0.55,0.682,0.573,0.796,0.888,61.86
0.272,0.637,0.876,0.755,0.574,0.506,0.892,0.748,65.82
0.752,0.989,0.943,0.725,0.654,0.539,0.957,0.916,82.79
0.535,0.333,0.658,0.609,0.637,0.7,0.787,0.662,59.49
0.856,0.412,0.996,0.571,0.874,0.597,0.915,0.343,72.33
0.54,0.96,0.843,0.748,0.71,0.704,0.783,0.859,77.69
0.127,0.747,0.745,0.571,0.847,0.83,0.954,0.65,65.48
0.124,0.979,0.709,0.804,0.622,0.724,0.721,0.796,67.33
0.535,0.751,0.764,0.9,0.568,0.958,0.767,0.522,71.72
0.629,0.589,0.882,0.886,0.856,0.715,0.711,0.67,75.15
0.99,0.905,0.632,0.773,0.553,0.829,0.942,0.868,79.18
0.809,0.819,0.616,0.733,0.834,0.797,0.849,0.828,75.99
0.597,0.941,0.713,0.996,0.688,0.926,0.756,0.973,80.51
0.575,0.625,0.708,0.519,0.568,0.948,0.913,0.385,64.47
0.964,0.952,0.78,0.701,0.934,0.557,0.797,0.734,81.47
0.76,0.81,0.882,0.866,0.673,0.854,0.905,0.901,83.08
0.487,0.281,0.787,0.84,0.75,0.661,0.742,0.442,61.84
0.364,0.774,0.939,0.514,0.523,0.632,0.718,0.353,64.36
0.17,0.566,0.725,0.753,0.851,0.866,0.837,0.972,67.76
0.327,0.915,0.956,0.528,0.553,0.81,0.712,0.452,69.52
0.46,0.826,0.891,0.641,0.683,0.995,0.951,0.98,79.33
0.677,0.881,0.873,0.546,0.874,0.682,0.971,0.341,74.48
0.921,0.639,0.635,0.976,0.67,0.547,0.7,0.629,70.99
0.6,0.957,0.845,0.554,0.784,0.564,0.735,0.808,75.25
0.667,0.597,0.705,0.707,0.504,0.848,0.991,0.879,70.92
0.143,0.646,0.968,0.789,0.832,0.966,0.77,0.408,69.85
0.813,0.385,0.618,0.84,0.99,0.702,0.77,0.466,67.26
0.2,0.748,0.6,0.996,0.976,0.916,0.919,0.574,68.45
0.218,0.289,0.821,0.933,0.922,0.785,0.895,0.602,65.05
0.454,0.692,0.933,0.755,0.625,0.51,0.866,0.967,73.43
0.182,0.684,0.975,0.569,0.787,0.539,0.872,0.957,70.24
0.508,0.994,0.773,0.599,0.925,0.746,0.809,0.808,76.68
0.429,0.824,0.855,0.668,0.828,0.671,0.906,0.865,75.01
0.721,0.668,0.956,0.695,0.64,0.827,0.823,0.625,76.73
0.211,0.433,0.955,0.69,0.676,0.646,0.922,0.389,62.18
0.282,0.542,0.626,0.594,0.67,0.726,0.816,0.338,55.36
0.685,0.912,0.976,0.623,0.62,0.722,0.884,0.894,81.38
0.226,0.893,0.895,0.554,0.66,0.522,0.833,0.765,68.34
0.897,0.726,0.694,0.873,0.862,0.536,0.983,0.684,76.17
0.93,0.996,0.686,0.898,0.504,0.744,0.965,0.605,78.38
0.395,0.931,0.973,0.701,0.7,0.965,0.869,0.754,79.76
0.952,0.93,0.793,0.531,0.566,0.901,0.74,0.781,79.54
0.21,0.559,0.916,0.852,0.774,0.757,0.708,0.524,67.05
0.307,0.522,0.785,0.772,0.502,0.955,0.837,0.829,66.81
0.502,0.88,0.863,0.814,0.746,0.544,0.8,0.943,76.78
0.846,0.878,0.909,0.766,0.778,0.885,0.962,0.972,87.41
0.298,0.724,0.994,0.5,0.506,0.553,0.807,0.407,63.88
0.271,0.408,0.934,0.923,0.998,0.601,0.806,0.588,68.69
0.653,0.575,0.942,0.745,0.718,0.645,0.725,0.45,71.18
0.435,0.766,0.7,0.916,0.983,0.946,0.756,0.721,74.94
0.993,0.283,0.755,0.795,0.644,0.731,0.939,0.568,70.11
0.282,0.788,0.711,0.716,0.646,0.558,0.725,0.934,66.0
0.432,0.821,0.869,0.682,0.587,0.899,0.978,0.797,75.05
0.771,0.88,0.669,0.658,0.885,0.873,0.971,0.719,77.68
0.117,0.812,0.905,0.782,0.517,0.717,0.796,0.875,69.45
0.778,0.919,0.773,0.963,0.553,0.639,0.707,0.932,79.18
0.397,0.633,0.665,0.758,0.936,0.675,0.763,0.77,67.28
0.416,0.262,0.851,0.576,0.89,0.747,0.808,0.453,62.16
0.445,0.456,0.935,0.909,0.53,0.824,0.857,0.657,70.37
0.15,0.991,0.681,0.522,0.798,0.639,0.814,0.76,65.4
0.228,0.892,0.677,0.782,0.981,0.993,0.746,0.791,72.92
0.316,0.863,0.999,0.903,0.587,0.9,0.869,0.727,78.17
0.596,0.351,0.972,0.731,0.86,0.746,0.764,0.581,71.51
0.441,0.745,0.933,0.659,0.762,0.631,0.807,0.826,73.93
0.983,0.53,0.942,0.907,0.514,0.846,0.958,0.374,77.45
0.132,0.957,0.662,0.791,0.964,0.624,0.703,0.944,69.62
0.449,0.964,0.716,0.506,0.831,0.881,0.761,0.878,73.85
0.728,0.982,0.734,0.548,0.86,0.594,0.723,0.773,75.35
0.32,0.845,0.935,0.916,0.722,0.652,0.799,0.765,75.4
0.975,0.833,0.821,0.519,0.967,0.886,0.865,0.856,84.24
0.82,0.617,0.693,0.938,0.604,0.728,0.845,0.737,73.18
0.516,0.844,0.956,0.694,0.992,0.674,0.947,0.936,82.01
0.833,0.565,0.954,0.603,0.579,0.746,0.844,0.848,76.77
0.405,0.849,0.796,0.881,0.743,0.746,0.911,0.779,74.74
0.346,0.293,0.715,0.848,0.784,0.987,0.809,0.668,64.39
0.284,0.616,0.881,0.718,0.708,0.664,0.815,0.623,66.74
0.881,0.895,0.89,0.948,0.511,0.727,0.928,0.841,83.79
0.819,0.728,0.729,0.664,0.713,0.87,0.809,0.309,71.05
0.533,0.88,0.818,0.985,0.528,0.604,0.982,0.779,75.52
0.552,0.988,0.989,0.633,0.653,0.86,0.791,0.765,80.91
0.431,0.997,0.969,0.78,0.937,0.823,0.709,0.977,84.37
0.417,0.513,0.943,0.895,0.513,0.869,0.873,0.913,73.8
0.162,0.518,0.826,0.637,0.545,0.876,0.737,0.457,59.7
0.662,0.974,0.687,0.961,0.545,0.936,0.862,0.828,78.7
0.878,0.636,0.909,0.902,0.743,0.678,0.772,0.601,78.55
0.459,0.264,0.601,0.685,0.88,0.807,0.773,0.569,59.15
0.724,0.328,0.792,0.651,0.815,0.681,0.935,0.658,68.3
0.42,0.946,0.957,0.702,0.781,0.683,0.86,0.94,79.76
0.784,0.374,0.819,0.75,0.529,0.521,0.836,0.549,65.5
0.136,0.531,0.823,0.586,0.885,0.761,0.913,0.464,62.1
0.628,0.804,0.842,0.76,0.754,0.57,0.701,0.904,75.9
0.37,0.863,0.939,0.75,0.733,0.84,0.969,0.985,79.91
0.882,0.251,0.616,0.688,0.538,0.833,0.914,0.436,61.92
0.327,0.823,0.616,0.874,0.736,0.64,0.786,0.858,67.66
0.964,0.976,0.822,0.648,0.515,0.705,0.896,0.83,81.12
0.238,0.285,0.814,0.862,0.651,0.731,0.957,0.458,60.02
0.93,0.524,0.811,0.969,0.914,0.871,0.947,0.823,82.6
0.477,0.769,0.631,0.895,0.946,0.944,0.878,0.828,74.98
0.87,0.934,0.833,0.551,0.913,0.896,0.824,0.76,83.21
0.258,0.289,0.901,0.911,0.792,0.942,0.994,0.371,65.85
0.101,0.287,0.761,0.889,0.931,0.559,0.995,0.692,60.56
0.207,0.835,0.743,0.501,0.906,0.724,0.956,0.748,67.77
0.94,0.803,0.7,0.617,0.517,0.908,0.775,0.874,76.66
0.847,0.319,0.896,0.918,0.751,0.7,0.853,0.577,73.64
0.929,0.21,0.748,0.631,0.737,0.511,0.955,0.417,63.52
0.438,0.933,0.798,0.598,0.581,0.658,0.764,0.81,70.82
0.269,0.606,0.835,0.98,0.913,0.696,0.728,0.37,67.23
0.715,0.922,0.979,0.953,0.839,0.767,0.885,0.849,87.54
0.887,0.704,0.675,0.54,0.529,0.733,0.712,1.0,72.32
0.112,0.866,0.736,0.972,0.54,0.831,0.952,0.813,69.38
0.305,0.304,0.739,0.74,0.914,0.663,0.753,0.513,59.67
0.509,0.895,0.771,0.76,0.878,0.581,0.982,0.917,76.59
0.585,0.859,0.817,0.638,0.908,0.882,0.886,0.713,77.92
0.864,0.526,0.922,0.768,0.857,0.894,0.761,0.305,75.94
0.178,0.613,0.611,0.642,0.658,0.879,0.727,0.93,61.85
0.584,0.767,0.911,0.682,0.81,0.883,0.702,0.79,78.2
0.899,0.932,0.849,0.611,0.807,0.914,0.917,0.792,84.51
0.88,0.694,0.881,0.608,0.548,0.692,0.973,0.42,73.18
0.4,0.859,0.929,0.705,0.564,0.668,0.817,0.848,74.05
0.324,0.957,0.627,0.898,0.582,0.913,0.82,0.993,72.87
0.18,0.942,0.801,0.876,0.522,0.617,0.709,0.891,69.49
0.222,0.502,0.751,0.939,1.0,0.963,0.825,0.814,70.9
0.171,0.724,0.616,0.927,0.788,0.736,0.963,0.98,67.96
0.438,0.556,0.868,0.646,0.647,0.562,0.977,0.966,69.72
0.529,0.817,0.738,0.683,0.875,0.773,0.964,0.967,76.42
0.246,0.909,0.741,0.51,0.851,0.513,0.84,0.919,67.98
0.787,0.74,0.916,0.772,0.846,0.993,0.977,0.422,81.01
0.103,0.47,0.996,0.746,0.885,0.756,0.77,0.503,66.24
0.652,0.961,0.856,0.717,0.766,0.777,0.983,0.898,82.11
0.977,0.83,0.653,0.866,0.87,0.776,0.743,0.775,80.02
0.502,0.888,0.913,0.951,0.553,0.672,0.867,0.912,78.88
0.784,0.853,0.668,0.539,0.835,0.808,0.7,0.758,74.15
0.107,0.227,0.683,0.612,0.809,0.936,0.837,0.403,53.87
0.665,0.604,0.743,0.562,0.955,0.604,0.7,0.743,69.76
0.214,0.394,0.635,0.833,0.755,0.829,0.953,0.359,57.51
0.173,0.995,0.998,0.734,0.932,0.863,0.976,0.952,82.15
0.935,0.917,0.695,0.51,0.807,0.636,0.816,0.774,76.52
0.57,0.751,0.627,0.501,0.571,0.632,0.917,0.495,62.06
0.691,0.824,0.617,0.84,0.787,0.642,0.862,0.799,73.15
0.534,0.729,0.747,0.968,0.966,0.949,0.818,0.796,78.5
0.217,0.68,0.741,0.698,0.701,0.639,0.826,0.842,64.92
0.808,0.252,0.727,0.502,0.559,0.713,0.879,0.675,62.97
0.294,0.567,0.808,0.739,0.932,0.806,0.887,0.584,68.15
0.842,0.509,0.905,0.902,0.547,0.664,0.851,0.352,71.8
0.453,0.627,0.735,0.829,0.671,0.986,0.703,0.712,70.07
0.18,0.755,0.657,0.787,0.935,0.817,0.93,0.511,65.6
0.207,0.571,0.816,0.757,0.736,0.874,0.721,0.715,66.5
0.696,0.595,0.903,0.562,0.926,0.783,0.959,0.482,74.28
0.202,0.869,0.614,0.968,0.701,0.691,0.787,0.87,67.66
0.56,0.992,0.685,0.996,0.783,0.866,0.854,0.985,80.96
0.129,0.998,0.866,0.669,0.681,0.676,0.743,0.737,69.92
0.272,0.544,0.971,0.913,0.523,0.669,0.753,0.672,68.04
0.839,0.935,0.651,0.949,0.903,0.92,0.819,0.937,84.04
0.11,0.679,0.952,0.786,0.601,0.783,0.794,0.653,67.83
0.51,0.99,0.697,0.768,0.899,0.923,0.934,0.911,79.61
0.784,0.26,0.903,0.983,0.683,0.778,0.784,0.391,70.5
0.976,0.86,0.785,0.813,0.714,0.844,0.974,0.827,84.03
0.266,0.813,0.778,0.605,0.773,0.669,0.756,0.722,67.08
0.294,0.979,0.666,0.694,0.841,0.704,0.782,0.986,71.91
0.58,0.299,0.788,0.673,0.613,0.542,0.999,0.321,59.37
0.543,0.606,0.996,0.621,0.654,0.605,0.977,0.57,71.53
0.15,0.551,0.667,0.961,0.517,0.765,0.904,0.679,60.95
0.416,0.96,0.984,0.828,0.852,0.548,0.884,0.83,80.25
0.802,0.781,0.608,0.635,0.984,0.61,0.852,0.892,74.41
0.108,0.609,0.858,0.796,0.663,0.836,0.928,0.378,63.57
0.866,0.819,0.93,0.542,0.885,0.753,0.844,0.872,83.26
0.448,0.58,0.746,0.724,0.729,0.652,0.966,0.724,67.21
0.918,0.545,0.704,0.637,0.894,0.804,0.996,0.404,71.89
0.526,0.945,0.653,0.513,0.728,0.875,0.832,0.984,73.56
0.184,0.811,0.935,0.92,0.566,0.602,0.952,0.731,71.25
0.696,0.697,0.775,0.712,0.893,0.701,0.822,0.398,71.42
0.993,0.837,0.863,0.708,0.797,0.691,0.823,0.744,82.53
0.948,0.968,0.915,0.862,0.9,0.616,0.772,0.813,87.4
0.617,0.853,0.942,0.884,0.586,0.969,0.904,0.864,83.15
0.934,0.882,0.686,0.521,0.953,0.646,0.87,0.738,77.31
0.602,0.426,0.718,0.829,0.835,0.716,0.742,0.525,66.13
0.288,0.926,0.669,0.66,0.894,0.563,0.702,0.748,67.1
0.484,0.926,0.926,0.532,0.82,0.868,0.924,0.797,79.09
0.31,0.713,0.714,0.616,0.877,0.976,0.841,0.952,71.61
0.48,0.946,0.836,0.875,0.57,0.55,0.945,0.981,76.79
0.433,0.4,0.861,0.583,0.744,0.972,0.719,0.602,66.6
0.435,0.716,0.624,0.865,0.918,0.632,0.942,0.573,67.45
0.628,0.632,0.893,0.63,0.668,0.524,0.865,0.564,69.4
0.135,0.84,0.903,0.99,0.734,0.556,0.988,0.835,73.29
0.834,0.8,0.662,0.697,0.685,0.867,0.952,0.77,76.01
0.722,0.994,0.774,0.79,0.584,0.778,0.986,0.896,80.52
0.728,0.86,0.762,0.532,0.639,0.557,0.969,0.707,72.06
0.102,0.529,0.823,0.556,0.609,0.981,0.853,0.79,63.7
0.705,0.985,0.636,0.761,0.699,0.58,0.7,0.789,73.05
0.42,0.762,0.701,0.83,0.965,0.753,0.835,0.897,73.89
0.474,0.705,0.874,0.734,0.904,0.562,0.833,0.769,73.39
0.849,0.979,0.817,0.703,0.929,0.981,0.778,0.818,86.04
0.287,0.311,0.859,0.631,0.598,0.782,0.976,0.537,60.83
0.456,0.989,0.77,0.926,0.574,0.735,0.875,0.985,77.5
0.106,0.554,0.732,0.822,0.827,0.698,0.89,0.915,65.28
0.859,0.415,0.705,0.994,0.709,0.71,0.977,0.389,69.65
0.453,0.949,0.846,0.529,0.839,0.589,0.721,0.918,74.55
0.516,0.912,0.987,0.703,0.913,0.622,0.918,0.894,82.0
0.163,0.954,0.625,0.924,0.796,0.91,0.709,0.773,69.96
0.703,0.757,0.613,0.93,0.985,0.985,0.804,0.852,78.76
0.94,0.675,0.974,0.973,0.869,0.782,0.725,0.304,81.49
0.366,0.451,0.614,0.76,0.96,0.6,0.853,0.476,59.83
0.185,0.681,0.677,0.927,0.648,0.901,0.975,0.851,68.05
0.402,0.358,0.891,0.837,0.777,0.724,0.853,0.643,67.76
0.225,0.987,0.607,0.523,0.664,0.566,0.913,0.852,63.96
0.144,0.914,0.823,0.836,0.756,0.666,0.718,0.728,69.91
0.97,0.84,0.913,0.883,0.509,0.569,0.891,0.914,83.19
0.62,0.582,0.852,0.707,0.995,0.685,0.792,0.865,75.81
0.651,0.34,0.814,0.861,0.745,0.673,0.886,0.604,68.47
0.846,0.589,0.712,0.692,0.991,0.765,0.896,0.939,77.66
0.54,0.668,0.802,0.922,0.644,0.903,0.738,0.756,74.11
0.367,0.731,0.956,0.827,0.593,0.686,0.857,0.419,69.91
0.254,0.505,0.725,0.68,0.686,0.522,0.798,0.576,58.17
0.336,0.719,0.631,0.729,0.728,0.94,0.804,0.374,63.34
0.81,0.924,0.818,0.515,0.894,0.608,0.896,0.559,76.7
0.467,0.96,0.761,0.698,0.588,0.654,0.991,0.891,73.68
0.359,0.842,0.917,0.588,0.541,0.991,0.951,0.974,76.62
0.364,0.606,0.973,0.703,0.531,0.655,0.966,0.817,70.74
0.968,0.92,0.716,0.948,0.987,0.893,0.874,0.9,87.84
0.329,0.781,0.812,0.76,0.903,0.923,0.996,0.952,77.31
0.109,0.836,0.845,0.965,0.754,0.595,0.798,0.903,71.45
0.298,0.705,0.705,0.863,0.627,0.988,0.755,0.478,66.01
0.728,0.698,0.944,0.843,0.962,0.83,0.704,0.849,83.36
0.397,0.832,0.638,0.913,0.688,0.799,0.946,0.909,72.21
0.632,0.242,0.683,0.895,0.838,0.947,0.779,0.656,67.43
0.2,0.808,0.77,0.592,0.699,0.71,0.849,0.744,66.08
0.154,0.616,0.887,0.758,0.856,0.992,0.981,0.447,69.16
0.118,0.989,0.822,0.959,0.522,0.675,0.943,0.906,72.47
0.111,0.935,0.682,0.5,0.58,0.859,0.928,0.747,64.24
0.239,0.783,0.992,0.798,0.569,0.709,0.864,0.324,68.43
0.835,0.943,0.674,0.882,0.878,0.917,0.791,0.877,83.01
0.603,0.831,0.98,0.956,0.924,0.786,0.892,0.744,84.59
0.214,0.775,0.729,0.553,0.735,0.858,0.884,0.433,63.28
0.867,0.927,0.801,0.615,0.68,0.737,0.997,0.776,80.01
0.802,0.638,0.65,0.729,0.819,0.659,0.925,0.487,69.42
0.351,0.742,0.636,0.859,0.793,0.677,0.707,0.717,66.28
0.222,0.994,0.824,0.505,0.817,0.88,0.938,0.995,75.51
0.475,0.726,0.961,0.975,0.86,0.53,0.745,0.824,77.66
0.156,0.685,0.968,0.794,0.548,0.521,0.81,0.784,67.34
0.758,0.744,0.626,0.924,0.569,0.758,0.819,0.731,72.09
0.131,0.545,0.979,0.513,0.53,0.784,0.834,0.338,60.42
0.175,0.781,0.976,0.94,0.644,0.534,0.8,0.451,68.45
0.948,0.879,0.655,0.677,0.743,0.58,0.974,0.985,78.5
0.785,0.214,0.605,0.89,0.916,0.788,0.708,0.366,63.23
0.888,0.518,0.842,0.838,0.533,0.502,0.944,0.858,74.18
0.594,0.561,0.955,0.81,0.67,0.508,0.883,0.854,74.03
0.77,0.949,0.614,0.763,0.646,0.912,0.827,0.977,78.25
0.115,0.836,0.715,0.535,0.795,0.8,0.932,0.931,67.42
0.248,0.858,0.656,0.641,0.927,0.669,0.742,0.899,68.04
0.206,0.691,0.62,0.849,0.628,0.957,0.912,0.96,67.46
0.161,0.887,0.776,0.697,0.657,0.877,0.872,0.879,70.56
0.989,0.876,0.763,0.57,0.912,0.983,0.913,0.872,84.97
0.358,0.75,0.82,0.619,0.891,0.62,0.878,0.643,69.24
0.179,0.518,0.965,0.66,0.608,0.703,0.771,0.794,66.08
0.813,0.611,0.948,0.67,0.741,0.961,0.777,0.607,78.73
0.571,0.927,0.653,0.822,0.99,0.74,0.978,0.99,79.1
0.161,0.334,0.726,0.92,0.76,0.844,0.827,0.333,58.29
0.322,0.563,0.812,0.535,0.81,0.555,0.707,0.829,64.42
0.22,0.901,0.617,0.834,0.992,0.911,0.94,0.761,71.94
0.759,0.49,0.987,0.641,0.726,0.855,0.946,0.356,73.91
0.221,0.508,0.73,0.923,0.626,0.702,0.727,0.578,61.1
0.263,0.563,0.773,0.902,0.816,0.945,0.989,0.887,72.16
0.644,0.234,0.683,0.695,0.838,0.93,0.978,0.449,64.25
0.489,0.405,0.601,0.872,0.551,0.592,0.74,0.523,57.51
0.479,0.742,0.764,0.68,0.883,0.817,0.937,0.754,73.43
0.157,0.652,0.959,0.887,0.74,0.52,0.983,0.475,67.24
0.9,0.56,0.802,0.858,0.78,0.651,0.832,0.64,75.39
0.801,0.896,0.768,0.854,0.89,0.566,0.992,0.893,81.65
0.593,0.751,0.874,0.666,0.506,0.574,0.738,0.832,71.5
0.32,0.949,0.861,0.574,0.806,0.63,0.807,0.961,74.3
0.548,0.346,0.856,0.591,0.863,0.591,0.831,0.365,63.07
0.456,0.22,0.695,0.604,0.592,0.865,0.787,0.671,58.76
0.412,0.591,0.631,0.673,0.597,0.558,0.923,0.775,61.47
0.344,0.645,0.61,0.886,0.643,0.831,0.973,0.942,67.97
0.484,0.233,0.653,0.555,0.886,0.979,0.814,0.387,59.23
0.206,0.667,0.64,0.895,0.854,0.603,0.872,0.979,66.78
0.301,0.822,0.722,0.712,0.691,0.618,0.817,0.73,66.51
0.263,0.277,0.691,1.0,0.699,0.855,0.977,0.665,62.44
0.963,0.587,0.874,0.911,0.66,0.741,0.913,0.308,75.88
0.197,0.979,0.77,0.68,0.798,0.708,0.853,0.971,72.73
0.202,0.543,0.822,0.571,0.687,0.661,0.825,0.488,59.92
0.86,0.875,0.645,0.721,0.768,0.541,0.866,0.723,74.02
0.68,0.254,0.699,0.988,0.501,0.657,0.746,0.453,61.21
0.334,0.541,0.853,0.799,0.518,0.912,0.971,0.387,65.46
0.574,0.54,0.824,0.54,0.72,0.657,0.815,0.357,64.12
0.351,0.661,0.717,0.67,0.727,0.79,0.762,0.389,62.69
0.461,0.944,0.966,0.788,0.851,0.631,0.99,0.963,82.5
0.853,0.823,0.76,0.833,0.994,0.653,0.749,0.714,79.82
0.487,0.876,0.729,0.568,0.715,0.803,0.946,0.952,73.76
0.294,0.856,0.674,0.854,0.593,0.883,0.703,0.883,69.76
0.287,0.908,0.63,0.501,0.989,0.819,0.902,0.942,70.69
0.733,0.887,0.988,0.517,0.586,0.967,0.95,0.935,83.8
0.756,0.931,0.981,0.989,0.712,0.922,0.809,0.727,87.37
0.876,0.719,0.655,0.667,0.934,0.816,0.929,0.532,74.42
0.459,0.82,0.609,0.719,0.991,0.742,0.726,0.707,69.63
0.558,0.51,0.667,0.889,0.614,0.582,0.983,0.673,65.19
0.537,0.999,0.744,0.683,0.868,0.781,0.934,0.84,78.02
0.724,0.306,0.713,0.517,0.545,0.963,0.997,0.604,64.56
0.161,0.588,0.603,0.784,0.86,0.777,0.862,0.77,62.53
0.991,0.33,0.623,0.851,0.617,0.814,0.825,0.621,68.55
0.664,0.78,0.933,0.845,0.917,0.643,0.812,0.861,81.72
0.407,0.733,0.896,0.651,0.868,0.553,0.855,0.843,72.93
0.376,0.634,0.76,0.684,0.981,0.843,0.987,0.928,73.45
0.34,0.601,0.744,0.819,0.824,0.566,0.803,0.319,62.01
0.2,0.291,0.826,0.809,0.707,0.878,0.957,0.578,62.52
0.917,0.938,0.816,0.549,0.632,0.717,0.807,0.739,78.63
0.887,0.548,0.635,0.611,0.899,0.62,0.966,0.627,69.81
0.551,0.781,0.819,0.917,0.921,0.674,0.851,0.77,77.53
0.672,0.395,0.989,0.969,0.923,0.581,0.99,0.575,76.16
0.971,0.821,0.941,0.566,0.53,0.843,0.969,0.444,79.07
0.838,0.997,0.981,0.776,0.528,0.73,0.898,0.949,86.36
0.207,0.339,0.729,0.537,0.705,0.511,0.855,0.463,52.86
0.334,0.604,0.955,0.973,0.52,0.567,0.703,0.571,67.77
0.894,0.96,0.711,0.57,0.826,0.514,0.783,0.845,77.06
0.476,0.611,0.715,0.751,0.956,0.868,0.93,0.965,74.24
0.525,0.878,0.928,0.941,0.68,0.733,0.949,0.939,81.92
0.252,0.912,0.67,0.817,0.664,0.719,0.811,0.902,69.3
0.939,0.323,0.815,0.852,0.908,0.759,0.902,0.781,76.82
0.396,0.928,0.812,0.583,0.55,0.561,0.756,0.978,70.66
0.442,0.302,0.965,0.932,0.518,0.988,0.851,0.457,68.48
0.172,0.935,0.728,0.987,0.737,0.945,0.717,0.58,70.89
0.881,0.764,0.733,0.927,0.815,0.821,0.784,0.889,81.45
0.118,0.682,0.664,0.759,0.972,0.65,0.842,0.492,61.53
0.584,0.897,0.706,0.699,0.758,0.688,0.98,0.845,74.67
0.609,0.834,0.769,0.725,0.511,0.995,0.833,0.805,75.38
0.959,0.898,0.936,0.667,0.996,0.553,0.92,0.957,87.61
0.346,0.998,0.982,0.824,0.82,0.505,0.708,0.766,77.39
0.45,0.701,0.818,0.938,0.562,0.616,0.775,0.647,69.21
0.766,0.535,0.659,0.639,0.837,0.881,0.7,0.721,70.27
0.856,0.545,0.945,0.985,0.88,0.659,0.788,0.7,80.83
0.834,0.7,0.744,0.912,0.702,0.848,0.771,0.411,74.19
0.965,0.598,0.869,0.656,0.792,0.906,0.975,0.9,82.58
0.182,0.266,0.646,0.716,0.591,0.76,0.875,0.386,51.77
0.947,0.546,0.737,0.99,0.681,0.554,0.993,0.343,71.44
0.47,0.81,0.729,0.566,0.833,0.851,0.821,0.888,72.93
0.916,0.543,0.836,0.53,0.682,0.764,0.938,0.431,71.55
0.52,0.871,0.646,0.982,0.982,0.95,0.952,0.81,79.0
0.584,0.533,0.836,0.751,0.708,0.629,0.793,0.344,65.94
0.404,0.994,0.866,0.571,0.594,0.849,0.74,0.781,74.26
0.361,0.847,0.731,0.506,0.743,0.621,0.832,0.766,66.93
0.209,0.536,0.737,0.606,0.685,0.547,0.985,0.836,61.26
0.976,0.559,0.666,0.533,0.839,0.748,0.894,0.786,73.22
0.91,0.757,0.936,0.675,0.652,0.908,0.824,0.953,84.4
0.125,0.949,0.871,0.95,0.774,0.862,0.706,0.832,75.59
0.915,0.554,0.921,0.81,0.715,0.619,0.834,0.981,80.48
0.27,0.736,0.822,0.955,0.583,0.677,0.986,0.79,70.63
0.37,0.446,0.973,0.898,0.934,0.721,0.722,0.553,71.23
0.134,0.213,0.949,0.703,0.535,0.596,0.76,0.422,55.3
0.754,0.847,0.619,0.857,0.867,0.983,0.884,0.858,79.55
0.601,0.71,0.883,0.948,0.971,0.853,0.957,0.37,77.94
0.147,0.679,0.844,0.69,0.575,0.945,0.73,0.887,68.1
0.131,0.593,0.911,0.95,0.931,0.898,0.741,0.498,70.12
0.318,0.604,0.951,0.642,0.83,0.545,0.996,0.543,68.18
0.969,0.893,0.83,0.743,0.966,0.503,0.91,0.988,85.24
0.344,0.607,0.896,0.835,0.927,0.904,0.965,0.621,74.35
0.445,0.58,0.626,0.678,0.668,0.72,0.943,0.446,60.85
0.135,0.946,0.917,0.697,0.966,0.611,0.893,0.879,75.14
0.186,0.969,0.913,0.528,0.591,0.801,0.738,0.84,71.46
0.874,0.729,0.841,0.718,0.945,0.952,0.867,0.892,84.47
0.897,0.652,0.833,0.631,0.825,0.542,0.706,0.861,76.18
0.36,0.702,0.628,0.885,0.676,0.953,0.844,0.738,68.38
0.409,0.965,0.628,0.894,0.508,0.82,0.932,0.73,70.48
0.296,0.611,0.769,0.8,0.944,0.729,0.713,0.384,64.97
0.725,0.918,0.779,0.911,0.54,0.646,0.861,0.839,77.78
0.331,0.596,0.915,0.875,0.509,0.505,0.897,0.332,63.48
0.427,0.66,0.962,0.825,0.801,0.994,0.826,0.657,77.26
0.202,0.541,0.775,0.852,0.846,0.939,0.87,0.364,64.89
0.805,0.768,0.754,0.711,0.857,0.693,0.935,0.874,78.48
0.457,0.654,0.736,0.843,0.921,0.79,0.708,0.389,68.02
0.674,0.979,0.79,0.853,0.842,0.897,0.957,0.959,84.84
0.959,0.854,0.922,0.806,0.902,0.563,0.966,0.687,84.66
0.762,0.946,0.923,0.556,0.519,0.79,0.914,0.921,81.13
0.182,0.781,0.777,0.699,0.767,0.881,0.944,0.736,69.41
0.178,0.711,0.822,0.69,0.623,0.737,0.938,0.386,62.93
0.603,0.789,0.709,0.922,0.894,0.875,0.902,0.84,78.43
0.209,0.623,0.787,0.825,0.617,0.902,0.804,0.565,65.26
0.907,0.518,0.84,0.574,0.736,0.514,0.736,0.455,68.85
0.102,0.895,0.951,0.786,0.749,0.628,0.888,0.746,72.28
0.264,0.537,0.735,0.894,0.82,0.926,0.841,0.518,66.18
0.131,0.581,0.84,0.768,0.836,0.865,0.712,0.607,66.0
0.3,0.933,0.64,0.798,0.596,0.622,0.817,0.762,66.36
0.961,0.716,0.723,0.527,0.89,0.712,0.861,0.724,76.07
0.852,0.812,0.948,0.972,0.986,0.743,0.707,0.818,87.39
0.678,0.989,0.682,0.728,0.803,0.803,0.762,0.755,76.75
0.109,0.725,0.794,0.634,0.909,0.546,0.792,0.524,62.45
0.814,0.756,0.783,0.544,0.743,0.836,0.818,0.518,73.62
0.986,0.624,0.94,0.563,0.809,0.787,0.722,0.701,79.87
0.985,0.838,0.983,0.91,0.802,0.708,0.847,0.797,88.34
0.901,0.511,0.731,0.8,0.62,0.886,0.847,0.712,73.88
0.231,0.913,0.603,0.743,0.953,0.922,0.846,0.853,71.19
0.324,0.532,0.977,0.589,0.544,0.717,0.878,0.675,66.89
0.987,0.204,0.926,0.848,0.802,0.816,0.838,0.684,76.7
0.118,0.807,0.992,0.863,0.761,0.794,0.92,0.768,75.15
0.586,0.542,0.782,0.692,0.939,0.516,0.773,0.662,68.43
0.932,0.691,0.94,0.887,0.893,0.598,0.734,0.888,84.18
0.312,0.823,0.702,0.724,0.99,0.637,0.716,0.768,69.34
0.77,0.604,0.828,0.551,0.871,0.577,0.983,0.829,74.49
0.133,0.826,0.75,0.838,0.899,0.591,0.719,0.952,69.52
0.487,0.74,0.684,0.596,0.703,0.591,0.991,0.372,63.08
0.949,0.699,0.824,0.888,0.654,0.623,0.756,0.468,75.43
0.611,0.204,0.619,0.922,0.987,0.925,0.735,0.371,63.43
0.367,0.346,0.927,0.675,0.528,0.608,0.921,0.372,60.31
0.115,0.733,0.974,0.62,0.88,0.724,0.807,0.988,73.24
0.981,0.208,0.984,0.851,0.985,0.704,0.887,0.573,77.99
0.723,0.892,0.701,0.869,0.94,0.621,0.746,0.816,77.94
0.823,0.816,0.864,0.815,0.842,0.645,0.95,0.799,81.95
0.184,0.214,0.918,0.767,0.803,0.678,0.726,0.634,61.35
0.483,0.503,0.633,0.831,0.869,0.929,0.738,0.994,70.54
0.788,0.989,0.709,0.839,0.912,0.782,0.818,0.891,82.7
0.865,0.429,0.939,0.558,0.625,0.558,0.998,0.409,69.36
0.698,0.777,0.814,0.713,0.6,0.806,0.702,0.534,72.52
0.64,0.536,0.755,0.857,0.605,0.951,0.846,0.649,71.37
0.468,0.765,0.846,0.874,0.981,0.855,0.999,0.548,77.23
0.775,0.91,0.965,0.704,0.51,0.602,0.979,0.976,82.21
0.245,0.781,0.871,0.685,0.736,0.866,0.809,0.58,69.87
0.647,0.878,0.642,0.668,0.975,0.635,0.938,0.891,75.3
0.937,0.968,0.981,0.923,0.697,0.93,0.712,0.948,91.64
0.975,0.303,0.968,0.647,0.844,0.608,0.815,0.327,71.71
0.632,0.582,0.608,0.962,0.623,0.713,0.823,0.953,70.03
0.81,0.523,0.766,0.527,0.662,0.57,0.771,0.732,67.92
0.486,0.785,0.874,0.864,0.603,0.792,0.709,0.633,73.39
0.389,0.377,0.853,0.738,0.873,0.857,0.992,0.658,69.04
0.326,0.928,0.834,0.985,0.888,0.904,0.985,0.861,80.97
0.488,0.654,0.74,0.922,0.744,0.618,0.786,0.588,68.27
0.774,0.718,0.914,0.525,0.683,0.801,0.797,0.954,78.85
0.874,0.784,0.778,0.565,0.914,0.689,0.941,0.609,76.79
0.276,0.778,0.721,0.537,0.853,0.925,0.772,0.746,68.29
0.173,0.895,0.629,0.528,0.629,0.691,0.858,0.781,62.31
0.323,0.206,0.862,0.847,0.573,0.632,0.988,0.484,59.79
0.388,0.26,0.914,0.758,0.779,0.615,0.965,0.612,65.03
0.445,0.416,0.629,0.92,0.594,0.929,0.78,0.594,62.9
0.236,0.8,0.955,0.907,0.912,0.737,0.859,0.816,77.44
0.484,0.901,0.837,0.653,0.804,0.886,0.812,0.731,76.49
0.436,0.715,0.677,0.554,0.581,0.71,0.736,0.642,62.72
0.841,0.709,0.761,0.752,0.962,0.63,0.81,0.314,72.91
0.186,0.934,0.802,0.933,0.998,0.796,0.752,0.832,76.22
0.913,0.475,0.62,0.778,0.68,0.691,0.856,0.644,68.52
0.261,0.939,0.698,0.755,0.99,0.531,0.949,0.88,71.74
0.89,0.859,0.901,0.954,0.873,0.899,0.849,0.777,88.03
0.993,0.989,0.773,0.528,0.765,0.574,0.954,0.887,81.36
0.527,0.781,0.614,0.617,0.645,0.72,0.916,0.97,69.08
0.23,0.428,0.639,0.503,0.581,0.542,0.969,0.55,52.46
0.102,0.699,0.867,0.787,0.611,0.992,0.894,0.993,72.0
0.95,0.567,0.984,0.929,0.867,0.517,0.706,0.696,80.97
0.922,0.944,0.651,0.566,0.983,0.926,0.791,0.708,80.06
0.526,0.83,0.728,0.919,0.798,0.713,0.747,0.977,76.33
0.197,0.482,0.802,0.551,0.584,0.979,0.926,0.404,60.04
0.87,0.82,0.746,0.64,0.972,0.898,0.846,0.952,82.84
1.0,0.568,0.692,0.519,0.563,0.84,0.839,0.87,72.92
0.301,0.888,0.826,0.67,0.815,0.673,0.857,0.774,72.09
0.169,0.94,0.649,0.938,0.867,0.661,0.844,0.729,69.02
0.597,0.777,0.839,0.739,0.587,0.514,0.813,0.597,70.02
0.931,0.567,0.954,0.749,0.726,0.603,0.971,0.515,77.1
0.584,0.875,0.845,0.578,0.541,0.961,0.873,0.815,76.32
0.337,0.75,0.892,0.889,0.631,0.573,0.77,0.996,73.33
0.115,0.29,0.821,1.0,0.916,0.812,0.899,0.619,64.57
0.404,0.233,0.859,0.989,0.611,0.954,0.894,0.398,65.02
0.537,0.617,0.753,0.738,0.634,0.75,0.835,0.373,65.26
0.639,0.917,0.612,0.744,0.508,0.7,0.87,0.764,70.13
0.949,0.914,0.601,0.566,0.883,0.505,0.796,0.917,75.66
0.271,0.937,0.813,0.983,0.893,0.879,0.99,0.842,79.35
0.621,0.777,0.754,0.523,0.521,0.99,0.759,0.575,69.7
0.629,0.754,0.643,0.941,0.688,0.597,0.855,0.632,69.67
0.814,0.709,0.851,0.979,0.73,0.898,0.848,0.336,77.78
0.518,0.808,0.608,0.64,0.963,0.658,0.853,0.969,71.64
0.188,0.592,0.756,0.601,0.563,0.644,0.735,0.476,57.1
0.921,0.423,0.775,0.7,0.856,0.841,0.878,0.355,71.45
0.672,0.979,0.872,0.763,0.618,0.599,0.789,0.98,80.11
0.195,0.718,0.964,0.818,0.56,0.586,0.851,0.381,65.5
0.922,0.696,0.924,0.631,0.712,0.739,0.798,0.828,80.46
0.32,0.66,0.627,0.777,0.575,0.552,0.756,0.705,60.24
0.315,0.851,0.771,0.713,0.57,0.626,0.748,0.931,68.91
0.343,0.915,0.762,0.74,0.704,0.927,0.758,0.922,74.63
0.514,0.42,0.903,0.988,0.582,0.952,0.912,0.375,70.12
0.359,0.875,0.606,0.696,0.552,0.652,0.959,0.926,66.71
0.981,0.923,0.81,0.978,0.785,0.703,0.747,0.901,86.23
0.105,0.802,0.727,0.611,0.909,0.557,0.806,0.921,65.81
0.761,0.281,0.616,0.588,0.935,0.847,0.908,0.421,63.49
0.985,0.47,0.801,0.911,0.516,0.623,0.841,0.337,69.94
0.361,0.509,0.609,0.861,0.865,0.538,0.711,0.625,60.72
0.1,0.55,0.868,0.88,0.838,0.51,0.996,0.619,64.89
0.621,0.896,0.742,0.734,0.99,0.718,0.798,0.919,78.89
0.405,0.354,0.74,0.955,0.898,0.644,0.944,0.618,65.77
0.22,0.787,0.606,0.845,0.82,0.988,0.951,0.624,67.79
0.842,0.971,0.815,0.627,0.714,0.74,0.799,0.882,81.2
0.818,0.564,0.672,0.847,0.622,0.508,0.981,0.609,68.3
0.156,0.84,0.637,0.933,0.515,0.992,0.783,0.725,66.42
0.402,0.936,0.601,0.734,0.926,0.547,0.967,0.869,70.68
0.189,0.598,0.708,0.624,0.626,0.994,0.942,0.847,65.13
0.538,0.993,0.61,0.995,0.839,0.741,0.947,0.863,77.35
0.325,0.864,0.612,0.712,0.898,0.935,0.933,0.728,70.55
0.556,0.629,0.86,0.812,0.912,0.549,0.736,0.7,72.7
0.652,0.342,0.976,0.85,0.713,0.552,0.775,0.637,70.68
0.228,0.674,0.901,0.703,0.795,0.911,0.716,0.42,67.92
0.312,0.608,0.693,0.755,0.53,0.738,0.741,0.302,58.08
0.611,0.22,0.654,0.582,0.751,0.521,0.758,0.656,57.71
0.115,0.957,0.857,0.57,0.622,0.937,0.829,0.949,72.43
0.379,0.467,0.683,0.604,0.963,0.815,0.829,0.343,61.16
0.984,0.845,0.912,0.892,0.747,0.69,0.823,0.72,84.86
0.365,0.706,0.935,0.89,0.567,0.648,0.939,0.513,70.31
0.169,0.897,0.838,0.562,0.724,0.599,0.819,0.785,67.75
0.282,0.975,0.858,0.724,0.533,0.753,0.727,0.989,73.94
0.458,0.932,0.842,0.59,0.888,0.6,0.741,0.899,75.39
0.993,0.515,0.932,0.839,0.977,0.734,0.883,0.381,79.64
0.489,0.899,0.614,0.543,0.624,0.596,0.96,0.822,66.81
0.345,0.751,0.804,0.876,0.74,0.52,0.93,0.534,67.87
0.196,0.57,0.827,0.634,0.858,0.771,0.895,0.564,64.92
0.979,0.509,0.935,0.598,0.72,0.613,0.835,0.855,77.75
0.487,0.259,0.868,0.766,0.937,0.999,0.893,0.576,70.14
0.176,0.712,0.835,0.773,0.851,0.511,0.831,0.44,64.09
0.932,0.435,0.939,0.792,0.506,0.869,0.804,0.469,74.37
0.382,0.924,0.639,0.643,0.732,0.933,0.814,0.764,70.35
0.455,0.372,0.671,0.655,0.705,0.974,0.803,0.363,60.15
0.114,0.939,0.726,0.894,0.926,0.768,0.836,0.948,73.49
0.444,0.302,0.737,0.587,0.784,0.959,0.821,0.643,63.46
0.417,0.808,0.777,0.512,0.625,0.63,0.933,0.722,67.36
0.806,0.814,0.679,0.909,0.711,0.615,0.913,0.979,77.99
0.748,0.812,0.889,0.675,0.645,0.737,0.965,0.666,77.68
0.702,0.842,0.782,0.749,0.899,0.755,0.737,0.993,80.37
0.217,0.822,0.691,0.867,0.559,0.571,0.91,0.747,64.86
0.273,0.717,0.801,0.949,0.701,0.9,0.722,0.968,73.66
0.197,0.596,0.979,0.711,0.52,0.872,0.837,0.617,67.75
0.803,0.583,0.668,0.641,0.867,0.502,0.818,0.739,69.07
0.412,0.308,0.807,0.554,0.746,0.626,0.781,0.564,59.79
0.707,0.413,0.664,0.608,0.733,0.547,0.948,0.632,63.35
0.154,0.897,0.618,0.685,0.55,0.812,0.867,0.779,63.81
0.978,0.719,0.86,0.697,0.968,0.636,1.0,0.349,78.44
0.298,0.577,0.689,0.708,0.792,0.512,0.888,0.607,60.99
0.55,0.632,0.627,0.82,0.779,0.556,0.942,0.31,62.76
0.812,0.937,0.678,0.9,0.922,0.959,0.997,0.478,80.76
0.284,0.942,0.662,0.83,0.562,0.719,0.931,0.964,70.33
0.481,0.959,0.65,0.526,0.522,0.5,0.944,0.874,66.78
0.354,0.581,0.611,0.801,0.792,0.827,0.811,0.807,65.62
0.974,0.865,0.895,0.836,0.505,0.838,0.991,0.816,84.85
0.527,0.921,0.676,0.726,0.944,0.869,0.747,0.741,75.14
0.184,0.271,0.729,0.562,0.619,0.95,0.801,0.334,53.69
0.376,0.616,0.788,0.752,0.537,0.66,0.968,0.675,65.66
0.184,0.302,0.907,0.816,0.668,0.827,0.825,0.392,61.13
0.285,0.551,0.668,0.829,0.875,0.615,0.926,0.543,62.5
0.29,0.372,0.909,0.529,0.615,0.557,0.705,0.515,58.34
0.831,0.568,0.719,0.889,0.629,0.902,0.969,0.891,76.93
0.41,0.204,0.999,0.961,0.692,0.936,0.723,0.521,68.9
0.934,0.296,0.828,0.86,0.727,0.556,0.746,0.61,70.42
0.25,0.518,0.683,0.812,0.586,0.579,0.7,0.848,60.35
0.521,0.882,0.642,0.567,0.765,0.731,0.763,0.789,69.41
0.818,0.58,0.883,0.919,0.764,0.616,0.951,0.363,74.43
0.22,0.845,0.827,0.899,0.966,0.754,0.769,0.764,74.31
0.925,0.699,0.872,0.822,0.937,0.883,0.827,0.566,82.39
0.428,0.838,0.892,0.884,0.969,0.769,0.824,0.833,79.98
0.925,0.84,0.729,0.881,0.946,0.903,0.939,0.869,85.4
0.978,0.381,0.877,0.767,0.905,0.908,0.895,0.607,78.66
0.733,0.671,0.786,0.652,0.6,0.871,0.948,0.553,72.21
0.815,0.467,0.691,0.759,0.833,0.886,0.958,0.457,70.65
0.601,0.446,0.703,0.966,0.525,0.883,0.977,0.585,67.75
0.887,0.689,0.6,0.78,0.987,0.818,0.83,0.925,77.88
0.472,0.622,0.767,0.53,0.579,0.759,0.748,0.574,63.74
0.409,0.83,0.945,0.915,0.925,0.775,0.993,0.797,81.3
0.67,0.588,0.895,0.537,0.72,0.533,0.781,0.603,69.07
0.714,0.511,0.963,0.923,0.948,0.599,0.856,0.875,80.17
0.11,0.816,0.89,0.954,0.964,0.786,0.866,0.79,75.44
0.83,0.868,0.655,0.933,0.797,0.583,0.873,0.864,77.99
0.748,0.89,0.919,0.786,0.509,0.541,0.974,0.834,79.11
0.71,0.507,0.67,0.697,0.833,0.585,0.807,0.88,69.0
0.19,0.92,0.994,0.513,0.548,0.867,0.837,0.891,73.88
0.911,0.864,0.631,0.762,0.551,0.835,0.867,0.731,75.51
0.949,0.782,0.972,0.5,0.63,0.793,0.791,0.574,79.21
0.653,0.237,0.679,0.921,0.896,0.781,0.945,0.351,64.54
0.399,0.925,0.978,0.691,0.95,0.699,0.978,0.953,82.14
0.176,0.99,0.876,0.72,0.926,0.767,0.801,0.839,75.92
0.641,0.921,0.818,0.635,0.848,0.639,0.92,0.963,79.33
0.961,0.347,0.819,0.536,0.647,0.945,0.906,0.451,70.42
0.61,0.675,0.642,0.886,0.594,0.837,0.763,0.426,66.57
0.349,0.721,0.914,0.561,0.933,0.581,0.938,0.911,73.43
0.681,0.601,0.662,0.512,0.995,0.907,0.964,0.327,68.03
0.979,0.946,0.779,0.994,0.51,0.662,0.807,0.925,83.3
0.809,0.661,0.857,0.795,0.842,0.988,0.9,0.466,78.88
0.411,0.511,0.782,0.811,0.854,0.626,0.821,0.832,68.72
0.605,0.871,0.864,0.696,0.518,0.784,0.839,0.88,76.7
0.348,0.627,0.665,0.727,0.704,0.896,0.921,0.725,66.36
0.37,0.586,0.764,0.879,0.603,0.617,0.95,0.794,67.13
0.923,0.508,0.984,0.724,0.795,0.765,0.847,0.766,80.79
0.961,0.267,0.881,0.61,0.681,0.75,0.779,0.674,71.49
0.415,0.66,0.992,0.694,0.578,0.702,0.955,0.762,73.06
0.264,0.705,0.726,0.731,0.533,0.604,0.915,0.677,62.69
0.843,0.992,0.841,0.728,0.524,0.881,0.991,0.774,82.56
0.161,0.722,0.807,0.913,0.679,0.769,0.888,0.827,69.73
0.281,0.751,0.805,0.81,0.747,0.587,0.842,0.91,70.37
0.686,0.713,0.808,0.848,0.932,0.819,0.896,0.688,78.53
0.425,0.876,0.872,0.95,0.595,0.952,0.842,0.751,78.01
0.823,0.738,0.794,0.509,0.727,0.878,0.921,0.477,73.76
0.178,0.395,0.998,0.845,0.965,0.674,0.901,0.671,69.6
0.384,0.828,0.671,0.921,0.708,0.905,0.737,0.806,72.04
0.807,0.462,0.708,0.802,0.594,0.54,0.743,0.337,63.17
0.666,0.669,0.984,0.912,0.884,0.945,0.973,0.388,80.78
0.438,0.521,0.912,0.574,0.525,0.789,0.902,0.418,64.75
0.385,0.703,0.966,0.822,0.622,0.642,0.702,0.626,71.12
0.624,0.217,0.888,0.524,0.856,0.87,0.841,0.642,67.94
0.43,0.849,0.88,0.773,0.68,0.71,0.986,0.822,75.96
0.182,0.596,0.771,0.963,0.745,0.702,0.876,0.57,65.12
0.758,0.69,0.758,0.89,0.698,0.814,0.894,0.949,78.65
0.461,0.592,0.82,0.512,0.883,0.854,0.859,0.632,69.39
0.837,0.973,0.709,0.624,0.89,0.875,0.727,0.878,81.18
0.601,0.407,0.699,0.679,0.61,0.909,0.935,0.482,64.07
0.848,0.758,0.688,0.875,0.527,0.737,0.941,0.828,75.66
0.975,0.957,0.896,0.737,0.941,0.923,0.767,0.782,89.04
0.111,0.746,0.663,0.62,0.823,0.712,0.869,0.867,63.99
0.178,0.518,0.67,0.87,0.504,0.501,0.84,0.855,58.67
0.11,0.336,0.874,0.662,0.999,0.526,0.79,0.316,57.52
0.944,0.77,0.905,0.705,0.96,0.618,0.79,0.428,79.4
0.691,0.987,0.661,0.733,0.705,0.728,0.955,0.702,75.14
0.126,0.829,0.941,0.588,0.733,0.604,0.714,0.798,68.64
0.888,0.542,0.866,0.987,0.614,0.634,0.918,0.858,78.61
0.335,0.991,0.624,0.959,0.602,0.736,0.878,0.936,72.22
